Emp ID,Name Prefix,First Name,Middle Initial,Last Name,Gender,E Mail,Date of Birth,Date of Joining,Salary
1,Mrs.,Lavon,A,Shufelt,F,lavon.shufelt@aol.com,12/19/1977,7/23/2000,184597
2,Mr.,Titus,X,Shrewsbury,M,titus.shrewsbury@hotmail.com,06/10/1993,6/14/2017,190460
3,Mrs.,Marvella,V,Derryberry,F,marvella.derryberry@gmail.com,02/08/1993,5/14/2017,171382
4,Mrs.,Kathaleen,J,Kurtz,F,kathaleen.kurtz@aol.com,3/27/1985,3/15/2013,84390
5,Mrs.,Danae,P,Batchelder,F,danae.batchelder@msn.com,3/29/1986,9/18/2012,149978
6,Mrs.,Lavern,R,Heenan,F,lavern.heenan@verizon.net,3/18/1974,10/05/2004,163612
7,Ms.,Renee,J,Thomson,F,renee.thomson@yahoo.com,08/12/1962,5/15/2005,40371
8,Mr.,Ernest,J,Woolbright,M,ernest.woolbright@hotmail.com,03/05/1989,3/27/2012,194929
9,Mrs.,Simona,V,Fritsche,F,simona.fritsche@yahoo.com,04/06/1973,7/30/2001,138485
10,Mrs.,Ivette,F,Manzanares,F,ivette.manzanares@gmail.com,7/26/1993,7/26/2014,189834
11,Dr.,Kelley,X,Cypert,M,kelley.cypert@aol.com,12/19/1985,5/22/2017,132786
12,Hon.,Brian,A,Harms,M,brian.harms@shell.com,12/19/1989,3/29/2013,44235
13,Dr.,Jefferson,T,Haugh,M,jefferson.haugh@yahoo.com,12/31/1982,1/13/2004,172037
14,Ms.,Marva,C,Tietjen,F,marva.tietjen@gmail.com,07/06/1969,01/06/1994,113174
15,Ms.,Rhoda,J,Scalzo,F,rhoda.scalzo@earthlink.net,05/05/1982,3/31/2008,126203
16,Mr.,Joshua,D,Edmond,M,joshua.edmond@gmail.com,09/11/1963,6/22/2001,168315
17,Mr.,Kirby,Z,Danley,M,kirby.danley@gmail.com,06/11/1981,3/15/2003,135603
18,Hon.,Shaniqua,F,Balderas,F,shaniqua.balderas@gmail.com,2/18/1994,5/24/2017,162615
19,Dr.,Diego,R,Andresen,M,diego.andresen@microsoft.com,1/19/1979,10/02/2003,86838
20,Dr.,Isidro,F,Rickman,M,isidro.rickman@hotmail.com,07/04/1962,4/22/1998,146121
21,Hon.,Giovanni,H,Kling,M,giovanni.kling@gmail.com,06/09/1971,09/04/2005,132138
22,Ms.,Edda,X,Earles,F,edda.earles@aol.com,10/11/1960,12/15/2012,152589
23,Ms.,Rhonda,J,Baptist,F,rhonda.baptist@aol.com,3/24/1988,04/07/2010,115480
24,Ms.,Margie,N,Lightle,F,margie.lightle@gmail.com,03/04/1991,10/28/2012,109524
25,Mrs.,Ashlea,Q,Coder,F,ashlea.coder@shell.com,1/26/1962,06/09/1994,128509
26,Ms.,Stephani,B,Lauber,F,stephani.lauber@hotmail.com,03/10/1980,05/07/2015,141189
27,Mr.,Ernesto,W,Babcock,M,ernesto.babcock@gmail.com,8/15/1965,06/04/2012,105966
28,Mr.,Marc,F,Hildebrand,M,marc.hildebrand@shaw.ca,7/21/1976,09/04/2016,151963
29,Ms.,Tiera,J,Kaspar,F,tiera.kaspar@aol.com,2/18/1989,07/07/2014,96381
30,Mrs.,Kandra,T,Fallis,F,kandra.fallis@ntlworld.com,5/23/1991,06/03/2012,53920
31,Mr.,Franklin,G,Cascio,M,franklin.cascio@rediffmail.com,07/02/1990,6/23/2013,157478
32,Mr.,Ned,U,Dodge,M,ned.dodge@yahoo.co.in,8/13/1976,11/17/1998,139353
33,Mr.,Alonso,L,Chouinard,M,alonso.chouinard@gmail.com,05/02/1959,2/15/2001,165156
34,Ms.,Zena,N,Cavender,F,zena.cavender@hotmail.com,12/07/1982,2/15/2015,151173
35,Mrs.,Queen,R,Kinyon,F,queen.kinyon@btinternet.com,08/03/1984,09/09/2013,76349
36,Mrs.,Louisa,B,Cedeno,F,louisa.cedeno@gmail.com,1/29/1987,8/25/2012,193890
37,Mr.,Ismael,W,Hofman,M,ismael.hofman@hotmail.com,01/04/1966,11/26/1991,45452
38,Mr.,Gregorio,L,Dowdle,M,gregorio.dowdle@yahoo.com,11/30/1969,7/19/2009,57620
39,Mr.,Gene,H,Clemmer,M,gene.clemmer@yahoo.com,5/31/1973,12/02/2001,49850
40,Mrs.,Magdalena,I,Durfee,F,magdalena.durfee@yahoo.com,6/13/1959,3/26/2003,88425
41,Ms.,Talia,Q,Storer,F,talia.storer@gmail.com,04/11/1987,08/07/2013,150988
42,Prof.,Zane,Y,Laurie,M,zane.laurie@yahoo.com,07/11/1996,07/07/2017,155734
43,Mr.,Lance,F,Muniz,M,lance.muniz@rediffmail.com,06/07/1965,4/14/1992,199056
44,Ms.,Reyna,V,Hornbuckle,F,reyna.hornbuckle@charter.net,10/26/1965,2/27/1992,89798
45,Drs.,Roberta,E,Merritt,F,roberta.merritt@ibm.com,4/22/1980,05/04/2005,174371
46,Ms.,Liliana,H,Madden,F,liliana.madden@gmail.com,1/23/1973,7/27/2006,190680
47,Hon.,Louise,M,Mclennan,F,louise.mclennan@hotmail.com,8/17/1994,4/20/2016,93591
48,Mr.,Francis,O,Simms,M,francis.simms@yahoo.com,3/28/1984,4/14/2005,145800
49,Mr.,Gerardo,W,Hollman,M,gerardo.hollman@gmail.com,5/17/1969,9/21/2013,103596
50,Mr.,Robbie,C,Rester,M,robbie.rester@shaw.ca,3/17/1991,08/02/2012,196800
51,Dr.,Ruben,T,Ohalloran,M,ruben.ohalloran@ntlworld.com,12/02/1957,12/15/2011,137076
52,Mr.,Joesph,B,Felts,M,joesph.felts@cox.net,9/27/1990,11/04/2012,108762
53,Mrs.,Ignacia,W,Boddie,F,ignacia.boddie@aol.com,8/29/1975,01/02/1998,54133
54,Mr.,Lindsey,A,Swopes,M,lindsey.swopes@yahoo.com,9/20/1963,02/04/1995,141986
55,Ms.,Keira,V,Collar,F,keira.collar@walmart.com,05/08/1975,11/13/2007,156225
56,Hon.,Ismael,K,Elsner,M,ismael.elsner@hotmail.com,7/26/1968,8/17/2014,165718
57,Ms.,Audie,W,Hillyer,F,audie.hillyer@ibm.com,12/12/1986,9/16/2016,100992
58,Mrs.,Fredia,L,Barrette,F,fredia.barrette@gmail.com,6/26/1992,6/29/2013,149059
59,Ms.,Concha,T,Juhl,F,concha.juhl@gmail.com,3/31/1961,04/12/1989,40663
60,Hon.,Lawrence,H,Cano,M,lawrence.cano@gmail.com,1/19/1967,1/30/1991,119279
61,Ms.,Linnea,M,Yu,F,linnea.yu@yahoo.com,11/17/1995,02/01/2017,115999
62,Mr.,Irvin,G,Bloom,M,irvin.bloom@hotmail.com,6/18/1984,5/21/2010,163462
63,Mr.,Terry,H,Neumann,M,terry.neumann@gmail.com,3/20/1981,01/07/2012,69653
64,Mr.,Nathanael,Y,Hudnall,M,nathanael.hudnall@walmart.com,4/29/1970,04/10/2017,76122
65,Mr.,Galen,W,Colligan,M,galen.colligan@yahoo.com,6/30/1964,02/09/1990,84661
66,Mr.,Shawn,Q,Westlund,M,shawn.westlund@gmail.com,04/06/1971,11/18/2016,90873
67,Ms.,Leeanne,H,Killeen,F,leeanne.killeen@aol.com,12/10/1976,11/21/2002,69888
68,Mr.,Dan,L,Lacoste,M,dan.lacoste@gmail.com,08/09/1986,3/28/2012,102507
69,Hon.,Denita,O,Pizzo,F,denita.pizzo@yahoo.ca,4/24/1970,4/22/1991,149109
70,Hon.,Giuseppe,S,Kale,M,giuseppe.kale@aol.com,4/15/1958,10/25/1980,68842
71,Ms.,Piper,U,Knapp,F,piper.knapp@hotmail.com,4/15/1974,11/13/2015,112768
72,Mrs.,Jutta,N,Brinkley,F,jutta.brinkley@aol.com,04/12/1962,12/28/2009,88688
73,Mr.,Lucas,V,Giordano,M,lucas.giordano@aol.com,8/19/1976,7/23/2010,142968
74,Mrs.,Muoi,G,Plyler,F,muoi.plyler@gmail.com,7/16/1977,4/20/2013,53557
75,Prof.,Filiberto,D,Bash,M,filiberto.bash@yahoo.co.in,7/14/1990,7/26/2015,172563
76,Mr.,Leopoldo,K,Hornback,M,leopoldo.hornback@apple.com,04/12/1996,4/18/2017,158139
77,Ms.,Cleopatra,K,Frew,F,cleopatra.frew@yahoo.com,11/07/1991,7/20/2015,42321
78,Mr.,Jesus,F,Etheridge,M,jesus.etheridge@hotmail.com,4/14/1981,12/24/2004,120076
79,Mr.,Ahmed,B,Blohm,M,ahmed.blohm@aol.com,4/19/1991,4/16/2012,106698
80,Dr.,Kieth,U,Taggart,M,kieth.taggart@yahoo.com,7/19/1993,1/20/2017,165469
81,Hon.,Landon,G,Vanwinkle,M,landon.vanwinkle@yahoo.co.uk,12/23/1959,7/20/2002,42833
82,Mrs.,Bulah,I,Zanders,F,bulah.zanders@hotmail.com,09/04/1995,2/27/2017,133618
83,Mrs.,Jaymie,W,Millen,F,jaymie.millen@yahoo.co.in,6/25/1988,11/25/2012,43950
84,Mr.,Hyman,A,Fleeman,M,hyman.fleeman@rediffmail.com,01/03/1987,05/05/2017,46277
85,Ms.,Brook,T,Fountain,F,brook.fountain@btinternet.com,1/20/1981,12/29/2002,80106
86,Hon.,Britt,N,Vanderhoof,M,britt.vanderhoof@shell.com,12/14/1992,1/22/2014,138784
87,Ms.,Freda,Q,Meigs,F,freda.meigs@hotmail.co.uk,10/10/1975,5/23/2000,188062
88,Mr.,Cecil,P,Hoch,M,cecil.hoch@gmail.com,07/02/1977,06/12/2009,116518
89,Mr.,Dewey,Q,Hester,M,dewey.hester@comcast.net,8/23/1972,7/14/2007,193669
90,Hon.,Marvis,X,Beaver,F,marvis.beaver@aol.com,11/02/1980,08/12/2011,140506
91,Mrs.,Fairy,M,Calderwood,F,fairy.calderwood@hotmail.com,01/09/1968,5/21/2005,152674
92,Drs.,Cherie,D,Binette,F,cherie.binette@hotmail.com,5/26/1986,8/24/2012,192367
93,Ms.,Cherilyn,N,Nicastro,F,cherilyn.nicastro@gmail.com,09/09/1962,11/21/1990,188481
94,Ms.,Chassidy,W,Duguay,F,chassidy.duguay@rediffmail.com,05/10/1970,6/24/1997,110377
95,Ms.,Tiffiny,H,Feliz,F,tiffiny.feliz@aol.com,11/19/1958,04/06/2010,70592
96,Dr.,Kent,Z,Marlatt,M,kent.marlatt@aol.com,10/11/1978,7/13/2012,181828
97,Ms.,Sindy,F,Jimenez,F,sindy.jimenez@yahoo.com,11/07/1982,03/04/2005,87414
98,Mr.,Benedict,L,Risinger,M,benedict.risinger@gmail.com,2/13/1969,11/06/2015,75758
99,Mr.,Isreal,Q,Bergan,M,isreal.bergan@outlook.com,11/12/1984,12/12/2014,193904
100,Ms.,Frances,D,Legge,F,frances.legge@hotmail.co.uk,03/12/1986,04/02/2017,198045